{"model":{"version":3,"nodes":[{"name":"RootNode","position":[0,0,0],"rotation":[0,0,0],"scale":[0.0254,0.0254,0.0254],"scaleCompensation":false},{"name":"BackGround","position":[0,0,0],"rotation":[-90,-0,0],"scale":[1,1,1],"scaleCompensation":false}],"parents":[-1,0],"skins":[],"morphs":[],"vertices":[{"position":{"type":"float32","components":3,"data":[1227.03,-1064.01,0.00256936,1227.03,-1064.01,4780.07,1227.03,1430.89,4780.06,1227.03,1430.89,4780.06,1227.03,1430.89,0.00105286,1227.03,-1064.01,0.00256936,-860.151,-1430.89,-0.000478006,-860.151,-1430.89,4780.06,860.151,-1430.89,4780.06,860.151,-1430.89,0.00221751,-1227.03,1430.89,-0.00279236,-1227.03,1430.89,4780.06,-1227.03,-1064.01,4780.06,-1227.03,-1064.01,-0.00127586,1204.1,-1224.52,4780.07,1227.03,-1064.01,4780.07,1227.03,-1064.01,0.00256936,1227.03,-1064.01,0.00256936,1204.1,-1224.52,0.00263099,-1020.66,-1407.96,4780.06,-860.151,-1430.89,4780.06,-860.151,-1430.89,-0.000478006,-1020.66,-1407.96,-0.000743441,1135.31,-1339.17,4780.07,1204.1,-1224.52,4780.07,1204.1,-1224.52,0.00263099,1135.31,-1339.17,0.0025929,1020.66,-1407.96,4780.06,1135.31,-1339.17,4780.07,1135.31,-1339.17,0.0025929,1135.31,-1339.17,0.0025929,1020.66,-1407.96,0.00245507,1020.66,-1407.96,4780.06,860.151,-1430.89,4780.06,1020.66,-1407.96,4780.06,1020.66,-1407.96,0.00245507,1020.66,-1407.96,0.00245507,860.151,-1430.89,0.00221751,-1135.31,-1339.17,4780.06,-1020.66,-1407.96,4780.06,-1020.66,-1407.96,-0.000743441,-1020.66,-1407.96,-0.000743441,-1135.31,-1339.17,-0.000964894,-1135.31,-1339.17,4780.06,-1204.1,-1224.52,4780.06,-1135.31,-1339.17,4780.06,-1135.31,-1339.17,-0.000964894,-1135.31,-1339.17,-0.000964894,-1204.1,-1224.52,-0.00114237,-1227.03,-1064.01,4780.06,-1204.1,-1224.52,4780.06,-1204.1,-1224.52,-0.00114237,-1227.03,-1064.01,-0.00127586,-1227.03,-1064.01,4780.06]},"normal":{"type":"float32","components":3,"data":[-1,0,0,-1,0,0,-1,0,0,-1,0,0,-1,0,0,-1,0,0,0,1,0,0,1,0,0,1,0,0,1,0,1,0,0,1,0,0,1,0,0,1,0,0,-0.989949,0.141421,0,-0.98995,0.141421,0,-0.989949,0.141421,0,-0.989949,0.141421,0,-0.989949,0.141421,0,0.141421,0.989949,0,0.141421,0.98995,0,0.141421,0.989949,0,0.141421,0.989949,0,-0.857493,0.514495,0,-0.857493,0.514495,0,-0.857493,0.514495,0,-0.857493,0.514495,0,-0.514495,0.857493,0,-0.514495,0.857493,0,-0.514495,0.857493,0,-0.514496,0.857493,0,-0.514495,0.857493,0,-0.514495,0.857493,0,-0.141421,0.989949,0,-0.141421,0.98995,0,-0.141421,0.989949,0,-0.141421,0.98995,0,-0.141421,0.989949,0,0.514495,0.857493,0,0.514495,0.857493,0,0.514495,0.857493,0,0.514495,0.857493,0,0.514495,0.857493,0,0.514495,0.857493,0,0.857493,0.514495,0,0.857493,0.514495,0,0.857493,0.514495,0,0.857493,0.514495,0,0.857493,0.514495,0,0.989949,0.141421,0,0.98995,0.141421,0,0.989949,0.141421,0,0.989949,0.141421,0,0.989949,0.141421,0]},"texCoord0":{"type":"float32","components":2,"data":[6.09965,0.0235845,6.09965,0.968565,7.7907,0.968564,7.7907,0.968564,7.7907,0.0235844,6.09965,0.0235845,4.20051,0.0235839,4.20051,0.968564,5.56087,0.968564,5.56087,0.0235844,1.97068,0.0235835,1.97068,0.968563,3.66173,0.968564,3.66173,0.0235838,5.96496,0.968564,6.09965,0.968565,6.09965,0.0235845,6.09965,0.0235845,5.96496,0.0235845,4.06582,0.968564,4.20051,0.968564,4.20051,0.0235839,4.06582,0.0235839,5.83026,0.968564,5.96496,0.968564,5.96496,0.0235845,5.83026,0.0235845,5.69557,0.968564,5.83026,0.968564,5.83026,0.0235845,5.83026,0.0235845,5.69557,0.0235845,5.69557,0.968564,5.56087,0.968564,5.69557,0.968564,5.69557,0.0235845,5.69557,0.0235845,5.56087,0.0235844,3.93112,0.968564,4.06582,0.968564,4.06582,0.0235839,4.06582,0.0235839,3.93112,0.0235839,3.93112,0.968564,3.79643,0.968564,3.93112,0.968564,3.93112,0.0235839,3.93112,0.0235839,3.79643,0.0235838,3.66173,0.968564,3.79643,0.968564,3.79643,0.0235838,3.66173,0.0235838,3.66173,0.968564]}}],"meshes":[{"aabb":{"min":[-1227.03,-1430.89,-0.00279236],"max":[1227.03,1430.89,4780.07]},"vertices":0,"indices":[0,1,2,3,4,5,6,7,8,8,9,6,10,11,12,12,13,10,14,15,16,17,18,14,19,20,21,21,22,19,23,24,25,25,26,23,27,28,29,30,31,32,33,34,35,36,37,33,38,39,40,41,42,43,44,45,46,47,48,44,49,50,51,51,52,53],"type":"triangles","base":0,"count":66}],"meshInstances":[{"node":1,"mesh":0}]}}