{"model":{"version":3,"nodes":[{"name":"RootNode","position":[0,0,0],"rotation":[0,0,0],"scale":[0.01,0.01,0.01],"scaleCompensation":false},{"name":"Tree","position":[0,0,0],"rotation":[-90,0,0],"scale":[1,1,1],"scaleCompensation":false}],"parents":[-1,0],"skins":[],"morphs":[],"vertices":[{"position":{"type":"float32","components":3,"data":[-2.28882e-06,-17.3499,11.7315,17.3499,-2.28882e-06,11.7315,0,0,35.3013,17.3499,-2.28882e-06,11.7315,2.28882e-06,17.3499,11.7315,0,0,35.3013,2.28882e-06,17.3499,11.7315,-17.3499,2.28882e-06,11.7315,0,0,35.3013,-17.3499,2.28882e-06,11.7315,-2.28882e-06,-17.3499,11.7315,0,0,35.3013,-1.52588e-06,-13.6945,25.9101,13.6945,-1.52588e-06,25.9101,2.41977e-07,-2.41977e-07,45.0375,13.6945,-1.52588e-06,25.9101,1.52588e-06,13.6945,25.9101,2.41977e-07,-2.41977e-07,45.0375,1.52588e-06,13.6945,25.9101,-13.6945,1.52588e-06,25.9101,2.41977e-07,-2.41977e-07,45.0375,-13.6945,1.52588e-06,25.9101,-1.52588e-06,-13.6945,25.9101,2.41977e-07,-2.41977e-07,45.0375,-3.8147e-07,-10.8447,38.3816,10.8447,-1.90735e-06,38.3816,4.98833e-07,-4.98833e-07,55.3723,10.8447,-1.90735e-06,38.3816,1.90735e-06,10.8447,38.3816,4.98833e-07,-4.98833e-07,55.3723,1.90735e-06,10.8447,38.3816,-10.8447,3.8147e-07,38.3816,4.98833e-07,-4.98833e-07,55.3723,-10.8447,3.8147e-07,38.3816,-3.8147e-07,-10.8447,38.3816,4.98833e-07,-4.98833e-07,55.3723,-1.30685,-1.30685,13.0705,-1.30685,-1.30685,0.000100708,1.30685,-1.30685,13.0705,1.30685,-1.30685,0.000100708,1.30685,-1.30685,13.0705,1.30685,-1.30685,0.000100708,1.30685,1.30685,13.0705,1.30685,1.30685,0.000100708,1.30685,1.30685,13.0705,1.30685,1.30685,0.000100708,-1.30685,1.30685,13.0705,-1.30685,1.30685,0.000100708,-1.30685,1.30685,13.0705,-1.30685,1.30685,0.000100708,-1.30685,-1.30685,13.0705,-1.30685,-1.30685,0.000100708]},"normal":{"type":"float32","components":3,"data":[0.550462,-0.551007,0.627202,0.552563,-0.548207,0.627809,0.552292,-0.552292,0.624457,0.551007,0.550462,0.627202,0.548207,0.552563,0.627809,0.552292,0.552292,0.624457,-0.550462,0.551007,0.627202,-0.552563,0.548207,0.627809,-0.552292,0.552292,0.624457,-0.551007,-0.550462,0.627202,-0.548207,-0.552563,0.627809,-0.552292,-0.552292,0.624457,0.556199,-0.553314,0.62007,0.553314,-0.556199,0.62007,0.558235,-0.558235,0.613797,0.553314,0.556199,0.62007,0.556199,0.553314,0.62007,0.558235,0.558235,0.613797,-0.556199,0.553314,0.62007,-0.553314,0.556199,0.62007,-0.558235,0.558235,0.613797,-0.553314,-0.556199,0.62007,-0.556199,-0.553314,0.62007,-0.558235,-0.558235,0.613797,0.583821,-0.583451,0.564568,0.583451,-0.583821,0.564568,0.57611,-0.576111,0.579822,0.583451,0.583821,0.564568,0.583821,0.583451,0.564568,0.576111,0.57611,0.579822,-0.583821,0.583451,0.564568,-0.583451,0.583821,0.564568,-0.576111,0.576111,0.579822,-0.583451,-0.583821,0.564568,-0.583821,-0.583451,0.564568,-0.576111,-0.57611,0.579822,-0.000238419,-1,0,0,-1,0,-0.000238419,-1,0,0,-1,0,1,-0.000238419,0,1,0,0,1,-0.000238419,0,1,0,0,0.000238419,1,0,0,1,0,0.000238419,1,0,0,1,0,-1,0.000238419,0,-1,0,0,-1,0.000238419,0,-1,0,0]},"texCoord0":{"type":"float32","components":2,"data":[0,0,1,0,0.5,1,0,0,1,0,0.5,1,0,0,1,0,0.5,1,0,0,1,0,0.5,1,0,0,1,0,0.5,1,0,0,1,0,0.5,1,0,0,1,0,0.5,1,0,0,1,0,0.5,1,0,0,1,0,0.5,1,0,0,1,0,0.5,1,0,0,1,0,0.5,1,0,0,1,0,0.5,1,0,1,0,0,1,1,1,0,0,1,0,0,1,1,1,0,0,1,0,0,1,1,1,0,0,1,0,0,1,1,1,0]}}],"meshes":[{"aabb":{"min":[-17.3499,-17.3499,0.000100708],"max":[17.3499,17.3499,55.3723]},"vertices":0,"indices":[0,1,2,3,4,5,6,7,8,9,10,11,12,13,14,15,16,17,18,19,20,21,22,23,24,25,26,27,28,29,30,31,32,33,34,35],"type":"triangles","base":0,"count":36},{"aabb":{"min":[-17.3499,-17.3499,0.000100708],"max":[17.3499,17.3499,55.3723]},"vertices":0,"indices":[36,37,38,38,37,39,40,41,42,42,41,43,44,45,46,46,45,47,48,49,50,50,49,51],"type":"triangles","base":0,"count":24}],"meshInstances":[{"node":1,"mesh":0},{"node":1,"mesh":1}]}}