{"model":{"version":3,"nodes":[{"name":"RootNode","position":[0,0,0],"rotation":[0,0,0],"scale":[0.01,0.01,0.01],"scaleCompensation":false},{"name":"Line","position":[0,0,0],"rotation":[-90,-0,0],"scale":[2.54,2.54,2.54],"scaleCompensation":false}],"parents":[-1,0],"skins":[],"morphs":[],"vertices":[{"position":{"type":"float32","components":3,"data":[-22.5991,-14.4433,4.82069,-25.2176,-13.0945,7.70302,-26.0097,-13.0072,6.94257,-23.3791,-14.3622,4.04696,-21.7832,-13.9874,5.40494,-24.3767,-12.6516,8.2597,-21.1501,-13.1167,5.64317,-23.7122,-11.797,8.46347,-20.8693,-12.0645,5.47154,-23.4023,-10.7598,8.2597,-21.0162,-11.1127,4.93604,-23.5299,-9.81793,7.70302,-21.5514,-10.5163,4.18015,-24.0609,-9.22373,6.94257,-22.3314,-10.4353,3.40642,-24.853,-9.13643,6.18212,-23.1473,-10.8911,2.82216,-25.694,-9.57942,5.62544,-23.7804,-11.7619,2.58393,-26.3584,-10.434,5.42168,-24.0612,-12.8141,2.75557,-26.6684,-11.4712,5.62544,-23.9143,-13.7659,3.29107,-26.5407,-12.413,6.18212,-19.7526,-15.4894,1.94414,-20.4923,-15.4232,1.12957,-19.0206,-15.0027,2.61312,-18.4922,-14.0935,2.95726,-18.3092,-13.0054,2.88435,-18.5205,-12.0299,2.41392,-19.0695,-11.4285,1.67202,-19.8091,-11.3623,0.857451,-20.5411,-11.849,0.188468,-21.0695,-12.7582,-0.155674,-21.2525,-13.8463,-0.0827608,-21.0413,-14.8218,0.38767,-16.5311,-15.8348,-0.798808,-17.1938,-15.7768,-1.67887,-15.9586,-15.3309,0.00605869,-15.6298,-14.4003,0.520066,-15.6327,-13.2923,0.605487,-15.9665,-12.3037,0.239433,-16.5419,-11.6994,-0.480012,-17.2046,-11.6415,-1.36007,-17.777,-12.1453,-2.16494,-18.1059,-13.0759,-2.67895,-18.103,-14.1839,-2.76437,-17.7691,-15.1725,-2.39831,-12.8458,-15.0433,-3.21128,-13.4015,-14.9623,-4.16142,-12.4954,-14.5872,-2.26104,-12.4441,-13.7162,-1.56532,-12.7058,-12.6637,-1.31052,-13.2102,-11.7117,-1.56493,-13.8222,-11.1153,-2.26037,-14.3779,-11.0344,-3.21051,-14.7283,-11.4905,-4.16074,-14.7795,-12.3615,-4.85647,-14.5179,-13.414,-5.11126,-14.0135,-14.3659,-4.85686,-8.7161,-12.7656,-5.06458,-9.16792,-12.6273,-6.06132,-8.58113,-12.4283,-4.01766,-8.79917,-11.7058,-3.20108,-9.31179,-10.7918,-2.83364,-9.98165,-9.93104,-3.0138,-10.6292,-9.35429,-3.69328,-11.0811,-9.21604,-4.69002,-11.216,-9.55334,-5.73694,-10.998,-10.2758,-6.55352,-10.4854,-11.1899,-6.92096,-9.81552,-12.0506,-6.7408,-4.13412,-8.77275,-6.22494,-4.51186,-8.56996,-7.24043,-4.15284,-8.56938,-5.1391,-4.56301,-8.01434,-4.27386,-5.25472,-7.25635,-3.86107,-6.04264,-6.49851,-4.01133,-6.71563,-5.94388,-4.68438,-7.09338,-5.74109,-5.69987,-7.07466,-5.94446,-6.78571,-6.66449,-6.4995,-7.65095,-5.97277,-7.25749,-8.06374,-5.18486,-8.01533,-7.91348,0.960888,-2.87253,-6.61881,0.643196,-2.60263,-7.63955,0.848816,-2.77465,-5.52603,0.337013,-2.33521,-4.65401,-0.437386,-1.67198,-4.23642,-1.26688,-0.962648,-4.38514,-1.92921,-0.397293,-5.06033,-2.2469,-0.127398,-6.08107,-2.13483,-0.22528,-7.17385,-1.62302,-0.664712,-8.04587,-0.848627,-1.32795,-8.46347,-0.0191307,-2.03728,-8.31474,5.92627,2.98535,-6.2459,5.6962,3.3563,-7.26081,5.73941,2.99748,-5.15881,5.18569,3.38944,-4.29084,4.41348,4.0562,-3.87456,3.62969,4.81912,-4.0215,3.04434,5.47375,-4.6923,2.81427,5.84471,-5.70721,3.00113,5.83258,-6.7943,3.55485,5.44062,-7.66227,4.32706,4.77385,-8.07855,5.11085,4.01094,-7.93161,10.1703,7.01013,-5.23837,10.0802,7.51374,-6.22007,9.88643,6.93022,-4.17432,9.3045,7.29543,-3.31305,8.58047,8.00789,-2.88532,7.90836,8.87671,-3.00575,7.46824,9.66908,-3.64207,7.37806,10.1727,-4.62378,7.66197,10.2526,-5.68782,8.2439,9.88738,-6.5491,8.96793,9.17492,-6.97682,9.64004,8.30611,-6.85639,13.8571,9.59111,-3.71908,13.9501,10.2229,-4.6253,13.4462,9.42225,-2.7074,12.8273,9.7616,-1.86134,12.1664,10.5182,-1.40761,11.6405,11.4894,-1.46777,11.3906,12.4149,-2.02572,11.4836,13.0468,-2.93194,11.8945,13.2156,-3.94362,12.5134,12.8763,-4.78967,13.1743,12.1197,-5.24341,13.7002,11.1485,-5.18324,17.1244,11.0595,-1.79646,17.4122,11.7789,-2.58806,16.5783,10.8299,-0.864308,15.9202,11.1516,-0.0413609,15.3264,11.9384,0.45187,14.956,12.9795,0.483223,14.9083,13.9959,0.0442982,15.1961,14.7153,-0.747297,15.7422,14.9449,-1.67945,16.4004,14.6232,-2.5024,16.9942,13.8364,-2.99563,17.3645,12.7953,-3.02698,20.1283,11.7189,0.457121,20.5748,12.4731,-0.215397,19.472,11.4651,1.30667,18.7819,11.7798,2.1056,18.2428,12.5786,2.63986,17.9991,13.6475,2.76628,18.1163,14.7001,2.45099,18.5628,15.4543,1.77847,19.219,15.7081,0.928923,19.9091,15.3934,0.129987,20.4482,14.5946,-0.404267,20.6919,13.5257,-0.530687,23.0008,11.8341,2.97474,23.5432,12.5922,2.3863,22.278,11.5776,3.76595,21.5685,11.8916,4.54793,21.0624,12.6917,5.11115,20.8954,13.7637,5.3047,21.1121,14.8202,5.0767,21.6545,15.5783,4.48827,22.3773,15.8348,3.69705,23.0868,15.5208,2.91507,23.5929,14.7207,2.35185,23.7599,13.6487,2.15831,25.8457,11.666,5.66677,26.4193,12.4223,5.10781,25.1013,11.4109,6.43753,24.3856,11.7252,7.21357,23.8902,12.5247,7.78695,23.748,13.5952,8.00403,23.9971,14.6498,7.80664,24.5707,15.4061,7.24768,25.3151,15.6612,6.47692,26.0309,15.347,5.70088,26.5262,14.5474,5.1275,26.6684,13.4769,4.91042,-26.6684,-11.4712,5.62544,-26.5407,-12.413,6.18212,-26.0097,-13.0072,6.94257,-26.3584,-10.434,5.42168,-25.694,-9.57942,5.62544,-24.853,-9.13643,6.18212,-24.0609,-9.22373,6.94257,-23.5299,-9.81793,7.70302,-23.4023,-10.7598,8.2597,-23.7122,-11.797,8.46347,-24.3767,-12.6516,8.2597,-25.2176,-13.0945,7.70302,25.1013,11.4109,6.43753,25.8457,11.666,5.66677,26.4193,12.4223,5.10781,24.3856,11.7252,7.21357,26.5262,14.5474,5.1275,26.0309,15.347,5.70088,25.3151,15.6612,6.47692,24.5707,15.4061,7.24768,23.9971,14.6498,7.80664,23.748,13.5952,8.00403,23.8902,12.5247,7.78695,26.6684,13.4769,4.91042]},"normal":{"type":"float32","components":3,