{"model":{"version":3,"nodes":[{"name":"RootNode","position":[0,0,0],"rotation":[0,0,0],"scale":[0.0254,0.0254,0.0254],"scaleCompensation":false},{"name":"Rock1","position":[0,0,0],"rotation":[-90,-0,0],"scale":[1,1,1],"scaleCompensation":false}],"parents":[-1,0],"skins":[],"morphs":[],"vertices":[{"position":{"type":"float32","components":3,"data":[9.62411,-36.4105,62.2004,-9.35938,-36.6411,12.6828,27.8311,-35.4684,19.5124,45.3393,40.4981,40.6852,45.3844,54.182,62.3677,45.5921,3.14956,57.2741,-45.5142,83.096,20.7219,-46.4607,-7.82115,21.285,-45.9556,42.7108,69.3939,7.13044,67.978,0.786362,-33.5635,11.6068,1.09059,-29.1888,78.5369,4.51139,9.62411,-36.4105,62.2004,-19.0207,-24.0672,80.9141,-25.1827,-35.7485,67.4912,40.1474,3.62916,80.161,20.4589,39.2632,80.7851,-19.0207,-24.0672,80.9141,5.99768,96.5158,5.37271,-45.5142,83.096,20.7219,-24.9623,96.7726,26.8159,-45.5142,83.096,20.7219,-45.9556,42.7108,69.3939,-43.2363,81.6482,50.7437,27.8311,-35.4684,19.5124,-2.14293,-11.8602,1.31152,9.46126,28.398,0.96087,45.3393,40.4981,40.6852,45.5921,3.14956,57.2741,44.4255,-7.00268,27.3304,5.99768,96.5158,5.37271,-2.69869,96.7689,64.2284,46.1482,95.2757,41.8044,37.2927,21.5335,10.481,45.3393,40.4981,40.6852,44.4255,-7.00268,27.3304,-45.5142,83.096,20.7219,-33.5635,11.6068,1.09059,-46.4607,-7.82115,21.285,-9.35938,-36.6411,12.6828,9.62411,-36.4105,62.2004,-25.1827,-35.7485,67.4912,-11.0083,81.1291,80.8991,-19.0207,-24.0672,80.9141,20.4589,39.2632,80.7851,5.99768,96.5158,5.37271,-9.8041,96.0239,44.1155,-2.69869,96.7689,64.2284,9.46126,28.398,0.96087,-2.14293,-11.8602,1.31152,-33.5635,11.6068,1.09059,-19.5546,-15.8725,2.67973,-46.4607,-7.82115,21.285,-33.5635,11.6068,1.09059,9.62411,-36.4105,62.2004,33.6635,-24.2739,37.2077,41.117,-19.1549,72.7571,9.62411,-36.4105,62.2004,41.117,-19.1549,72.7571,-19.0207,-24.0672,80.9141,-2.69869,96.7689,64.2284,-9.8041,96.0239,44.1155,-11.0083,81.1291,80.8991,-45.9556,42.7108,69.3939,-21.924,66.4955,75.1093,-43.2363,81.6482,50.7437,-9.8041,96.0239,44.1155,-43.2363,81.6482,50.7437,-10.3757,76.502,61.7924,-24.9623,96.7726,26.8159,-45.5142,83.096,20.7219,-43.2363,81.6482,50.7437,5.99768,96.5158,5.37271,7.13044,67.978,0.786362,-29.1888,78.5369,4.51139,5.99768,96.5158,5.37271,46.1482,95.2757,41.8044,35.0836,86.373,8.83557,33.2903,63.8392,78.5373,46.1482,95.2757,41.8044,25.3028,92.4844,69.7794,25.3028,92.4844,69.7794,-11.0083,81.1291,80.8991,33.2903,63.8392,78.5373,44.4255,-7.00268,27.3304,45.5921,3.14956,57.2741,41.117,-19.1549,72.7571,20.4589,39.2632,80.7851,40.1474,3.62916,80.161,45.5921,3.14956,57.2741,-11.0083,81.1291,80.8991,20.4589,39.2632,80.7851,33.2903,63.8392,78.5373,45.3844,54.182,62.3677,20.4589,39.2632,80.7851,45.5921,3.14956,57.2741,44.4255,-7.00268,27.3304,41.117,-19.1549,72.7571,33.6635,-24.2739,37.2077,37.2927,21.5335,10.481,44.4255,-7.00268,27.3304,27.8311,-35.4684,19.5124,-33.5635,11.6068,1.09059,-45.5142,83.096,20.7219,-29.1888,78.5369,4.51139,-29.1888,78.5369,4.51139,-45.5142,83.096,20.7219,5.99768,96.5158,5.37271,-11.0083,81.1291,80.8991,-39.0158,36.7252,79.3885,-19.0207,-24.0672,80.9141,-40.0927,-1.83382,79.383,-25.1827,-35.7485,67.4912,-19.0207,-24.0672,80.9141,7.13044,67.978,0.786362,9.46126,28.398,0.96087,-33.5635,11.6068,1.09059,45.3393,40.4981,40.6852,26.9193,38.4978,6.19593,25.0317,71.4885,5.96207,-10.3757,76.502,61.7924,-11.0083,81.1291,80.8991,-9.8041,96.0239,44.1155,-11.0083,81.1291,80.8991,-21.924,66.4955,75.1093,-39.0158,36.7252,79.3885,-9.35938,-36.6411,12.6828,-42.3294,-34.4268,30.2823,-19.5546,-15.8725,2.67973,-9.35938,-36.6411,12.6828,-2.14293,-11.8602,1.31152,27.8311,-35.4684,19.5124,20.4589,39.2632,80.7851,45.3844,54.182,62.3677,33.2903,63.8392,78.5373,33.2903,63.8392,78.5373,45.3844,54.182,62.3677,46.1482,95.2757,41.8044,-46.4607,-7.82115,21.285,-43.3111,-31.9375,54.0974,-45.9556,42.7108,69.3939,-42.3294,-34.4268,30.2823,-9.35938,-36.6411,12.6828,-25.1827,-35.7485,67.4912,35.0836,86.373,8.83557,46.1482,95.2757,41.8044,45.3393,40.4981,40.6852,46.1482,95.2757,41.8044,45.3844,54.182,62.3677,45.3393,40.4981,40.6852,5.99768,96.5158,5.37271,35.0836,86.373,8.83557,7.13044,67.978,0.786362,45.3393,40.4981,40.6852,25.0317,71.4885,5.96207,35.0836,86.373,8.83557,45.5921,3.14956,57.2741,40.1474,3.62916,80.161,41.117,-19.1549,72.7571,40.1474,3.62916,80.161,-19.0207,-24.0672,80.9141,41.117,-19.1549,72.7571,-43.3111,-31.9375,54.0974,-46.4607,-7.82115,21.285,-42.3294,-34.4268,30.2823,-19.5546,-15.8725,2.67973,-42.3294,-34.4268,30.2823,-46.4607,-7.82115,21.285,46.1482,95.2757,41.8044,-2.69869,96.7689,64.2284,25.3028,92.4844,69.7794,-2.69869,96.7689,64.2284,-11.0083,81.1291,80.8991,25.3028,92.4844,69.7794,9.46126,28.398,0.96087,37.2927,21.5335,10.481,27.8311,-35.4684,19.5124,26.9193,38.4978,6.19593,9.46126,28.398,0.96087,25.0317,71.4885,5.96207,-25.1827,-35.7485,67.4912,-43.3111,-31.9375,54.0974,-42.3294,-34.4268,30.2823,-43.3111,-31.9375,54.0974,-25.1827,-35.7485,67.4912,-40.0927,-1.83382,79.383,7.13044,67.978,0.786362,35.0836,86.373,8.83557,25.0317,71.4885,5.96207,9.46126,28.398,0.96087,7.13044,67.978,0.786362,25.0317,71.4885,5.96207,-45.9556,42.7108,69.3939,-43.3111,-31.9375,54.0974,-40.0927,-1.83382,79.383,-19.0207,-24.0672,80.9141,-39.0158,36.7252,79.3885,-40.0927,-1.83382,79.383,27.8311,-35.4684,19.5124,33.6635,-24.2739,37.2077,9.62411,-36.4105,62.2004,27.8311,-35.4684,19.5124,44.4255,-7.00268,27.3304,33.6635,-24.2739,37.2077,-9.8041,96.0239,44.1155,-24.9623,96.7726,26.8159,-43.2363,81.6482,50.7437,-9.8041,96.0239,44.1155,5.99768,96.5158,5.37271,-24.9623,96.7726,26.8159,-33.5635,11.6068,1.09059,-2.14293,-11.8602,1.31152,-19.5546,-15.8725,2.67973,-2.14293,-11.8602,1.31152,-9.35938,-36.6411,12.6828,-19.5546,-15.8725,2.67973,-10.3757,76.502,61.7924,-43.2363,81.6482,50.7437,-21.924,66.4955,75.1093,-10.3757,76.502,61.7924,-21.924,66.4955,75.1093,-11.0083,81.1291,80.8991,37.2927,21.5335,10.481,26.9193,38.4978,6.19593,45.3393,40.4981,40.6852,9.46126,28.398,0.96087,26.9193,38.4978,6.19593,37.2927,21.5335,10.481,-39.0158,36.7252,79.3885,-45.9556,42.7108,69.3939,-40.0927,-1.83382,79.383,-21.924,66.4955,75.1093,-45.9556,42.7108,69.3939,-39.0158,36.7252,79.3885]},"normal":{"type":"float32","components":3,