{"model":{"version":3,"nodes":[{"name":"RootNode","position":[0,0,0],"rotation":[0,0,0],"scale":[0.01,0.01,0.01],"scaleCompensation":false},{"name":"Oil_Tank_P001","position":[-1.90735e-06,0,0],"rotation":[1.20266e-06,90,0],"scale":[0.280824,0.280824,0.584802],"scaleCompensation":false}],"parents":[-1,0],"skins":[],"morphs":[],"vertices":[{"position":{"type":"float32","components":3,"data":[-0.0682936,23.9875,-49.5075,-0.0682764,23.9875,-7.22817,13.7809,27.6984,-7.22817,13.7809,27.6984,-49.5075,-10.2066,13.8492,-49.5075,-10.2066,13.8492,-7.22814,-13.9175,1.90735e-06,-49.5075,-13.9175,3.8147e-06,-7.22817,-10.2066,-13.8492,-49.5075,-10.2066,-13.8492,-7.22817,-0.0683098,-23.9875,-49.5075,-0.0682917,-23.9875,-7.22814,13.7809,-27.6984,-49.5075,13.7809,-27.6984,-7.22814,-0.0683098,-23.9875,-49.5075,0.552074,-23.1495,-50.5321,13.9174,-26.7307,-50.5321,13.7809,-27.6984,-49.5075,-10.2066,-13.8492,-49.5075,-9.23204,-13.3654,-50.5321,-13.9175,1.90735e-06,-49.5075,-12.8133,1.90735e-06,-50.5321,-10.2066,13.8492,-49.5075,-9.23203,13.3654,-50.5321,-12.8133,1.90735e-06,-50.5321,-13.9175,1.90735e-06,-49.5075,-0.0682936,23.9875,-49.5075,0.55209,23.1495,-50.5321,-9.23203,13.3654,-50.5321,-10.2066,13.8492,-49.5075,13.7809,27.6984,-49.5075,13.9175,26.7307,-50.5321,13.7809,-25.2508,-51.5568,1.15548,-21.8678,-51.5568,6.06647,-13.3617,-52.8273,13.7809,-15.4288,-52.8273,-8.08695,-12.6254,-51.5568,0.419144,-7.7144,-52.8273,-11.4699,1.90735e-06,-51.5568,-1.64792,0,-52.8273,-8.08694,12.6254,-51.5568,0.419147,7.7144,-52.8273,1.15549,21.8678,-51.5568,6.06648,13.3617,-52.8273,13.7809,25.2508,-51.5568,13.7809,15.4288,-52.8273,-0.0682821,23.9875,-0.00782776,13.7809,27.6984,-0.00782776,13.7809,27.6984,-7.22817,-0.0682764,23.9875,-7.22817,-10.2066,13.8492,-0.00780106,-10.2066,13.8492,-7.22814,-13.9175,0,-0.00782776,-10.2066,13.8492,-0.00780106,-10.2066,13.8492,-7.22814,-13.9175,3.8147e-06,-7.22817,-10.2066,-13.8492,-0.00782776,-13.9175,0,-0.00782776,-13.9175,3.8147e-06,-7.22817,-10.2066,-13.8492,-7.22817,-0.0682898,-23.9875,-0.00782776,-0.0682917,-23.9875,-7.22814,13.7809,-27.6984,-0.00777054,13.7809,-27.6984,-7.22814,1.15548,-21.8678,-51.5568,13.7809,-25.2508,-51.5568,-8.08695,-12.6254,-51.5568,-11.4699,1.90735e-06,-51.5568,-8.08694,12.6254,-51.5568,-11.4699,1.90735e-06,-51.5568,1.15549,21.8678,-51.5568,-8.08694,12.6254,-51.5568,13.7809,25.2508,-51.5568,-0.068265,23.9875,49.5075,13.7809,27.6984,49.5075,13.7809,27.6984,7.22815,-0.0682831,23.9875,7.22815,-10.2066,13.8492,49.5075,-10.2066,13.8492,7.22817,-13.9174,1.33514e-05,49.5075,-13.9175,1.14441e-05,7.22815,-10.2066,-13.8492,49.5075,-10.2066,-13.8492,7.22815,-0.0682783,-23.9875,49.5075,-0.0682964,-23.9875,7.2281,13.7809,-27.6984,49.5075,13.7809,-27.6984,7.2281,-0.0682783,-23.9875,49.5075,13.7809,-27.6984,49.5075,13.9175,-26.7307,50.5322,0.552106,-23.1495,50.5322,-10.2066,-13.8492,49.5075,-9.23201,-13.3653,50.5322,-13.9174,1.33514e-05,49.5075,-12.8132,1.33514e-05,50.5322,-10.2066,13.8492,49.5075,-13.9174,1.33514e-05,49.5075,-12.8132,1.33514e-05,50.5322,-9.232,13.3654,50.5322,-0.068265,23.9875,49.5075,-10.2066,13.8492,49.5075,-9.232,13.3654,50.5322,0.552119,23.1495,50.5322,13.7809,27.6984,49.5075,13.9175,26.7307,50.5322,13.7809,-25.2508,51.5568,13.7809,-15.4288,52.8273,6.06651,-13.3617,52.8273,1.15551,-21.8678,51.5568,0.419177,-7.71439,52.8273,-8.08692,-12.6254,51.5568,-1.64789,9.53674e-06,52.8273,-11.4699,1.33514e-05,51.5568,0.41918,7.71441,52.8273,-8.08691,12.6254,51.5568,6.06651,13.3617,52.8273,1.15552,21.8678,51.5568,13.7809,15.4288,52.8273,13.7809,25.2508,51.5568,-0.0682888,23.9875,0.00777817,-0.0682831,23.9875,7.22815,13.7809,27.6984,7.22815,13.7809,27.6984,0.00777817,-10.2066,13.8492,0.00780106,-10.2066,13.8492,7.22817,-13.9175,7.62939e-06,0.00777817,-13.9175,1.14441e-05,7.22815,-10.2066,13.8492,7.22817,-10.2066,13.8492,0.00780106,-10.2066,-13.8492,0.00777817,-10.2066,-13.8492,7.22815,-13.9175,1.14441e-05,7.22815,-13.9175,7.62939e-06,0.00777817,-0.0682945,-23.9875,0.00777817,-0.0682964,-23.9875,7.2281,13.7809,-27.6984,0.00775146,13.7809,-27.6984,7.2281,1.15551,-21.8678,51.5568,13.7809,-25.2508,51.5568,-8.08692,-12.6254,51.5568,-11.4699,1.33514e-05,51.5568,-8.08691,12.6254,51.5568,-11.4699,1.33514e-05,51.5568,1.15552,21.8678,51.5568,-8.08691,12.6254,51.5568,13.7809,25.2508,51.5568,-13.1411,30.8363,45.7404,-16.4204,26.661,45.7404,-16.4204,-26.661,45.7404,-3.30327,32.228,45.7404,18.0497,32.228,45.7404,18.0496,-32.228,45.7404,-13.1412,-30.8363,45.7404,-3.30333,-32.228,45.7404,-13.1411,30.8363,42.5674,-3.30327,32.228,42.5674,18.0497,32.228,42.5674,-16.4204,26.661,42.5674,18.0496,-32.228,42.5674,-3.30333,-32.228,42.5674,-13.1412,-30.8363,42.5674,-16.4204,-26.661,42.5674,-3.30333,-32.228,45.7404,-3.30333,-32.228,42.5674,18.0496,-32.228,42.5674,18.0496,-32.228,45.7404,18.0497,32.228,45.7404,18.0497,32.228,42.5674,-3.30327,32.228,42.5674,-3.30327,32.228,45.7404,-16.4204,26.661,45.7404,-16.4204,26.661,42.5674,-16.4204,-26.661,42.5674,-16.4204,-26.661,45.7404,-13.1412,-30.8363,45.7404,-13.1412,-30.8363,42.5674,-3.30333,-32.228,42.5674,-3.30333,-32.228,42.5674,-3.30333,-32.228,45.7404,-13.1412,-30.8363,45.7404,-13.1411,30.8363,42.5674,-13.1411,30.8363,45.7404,-3.30327,32.228,45.7404,-3.30327,32.228,45.7404,-3.30327,32.228,42.5674,-13.1411,30.8363,42.5674,-16.4204,-26.661,45.7404,-16.4204,-26.661,42.5674,-13.1412,-30.8363,42.5674,-13.1412,-30.8363,42.5674,-13.1412,-30.8363,45.7404,-16.4204,-26.661,45.7404,-16.4204,26.661,42.5674,-16.4204,26.661,45.7404,-13.1411,30.8363,45.7404,-13.1411,30.8363,42.5674,-16.4205,-26.661,-45.7404,-16.4204,26.661,-45.7404,-13.1411,30.8363,-45.7404,-3.30331,32.228,-45.7404,18.0496,32.228,-45.7404,18.0496,-32.228,-45.7404,-13.1412,-30.8363,-45.7404,-3.30337,-32.228,-45.7404,-3.30336,-32.228,-42.5674,18.0496,-32.228,-42.5674,18.0496,32.228,-42.5674,-3.30331,32.228,-42.5674,-13.1411,30.8363,-42.5674,-16.4204,26.661,-42.5674,-13.1412,-30.8363,-42.5674,-16.4205,-26.661,-42.5674,-3.30337,-32.228,-45.7404,18.0496,-32.228,-45.7404,18.0496,-32.228,-42.5674,-3.30336,-32.228,-42.5674,18.0496,32.228,-45.7404,-3.30331,32.228,-45.7404,-3.30331,32.228,-42.5674,18.0496,32.228,-42.5674,-16.4204,26.661,-45.7404,-16.4205,-26.661,-45.7404,-16.4205,-26.661,-42.5674,-16.4204,26.661,-42.5674,-13.1412,-30.8363,-45.7404,-3.30337,-32.228,-45.7404,-3.30336,-32.228,-42.5674,-3.30336,-32.228,-42.5674,-13.1412,-30.8363,-42.5674,-13.1412,-30.8363,-45.7404,-13.1411,30.8363,-42.5674,-3.30331,32.228,-42.5674,-3.30331,32.228,-45.7404,-3.30331,32.228,-45.7404,-13.1411,30.8363,-45.7404,-13.1411,30.8363,-42.5674,-16.4205,-26.661,-45.7404,-13.1412,-30.8363,-45.7404,-13.1412,-30.8363,-42.5674,-13.1412,-30.8363,-42.5674,-16.4205,-26.661,-42.5674,-16.4205,-26.661,-45.7404,-16.4204,26.661,-42.5674,-13.1411,30.8363,-42.5674,-13.1411,30.8363,-45.7404,-13.1411,30.8363,-45.7404,-16.4204,26.661,-45.7404,-16.4204,26.661,-42.5674]},"normal":{"type":"float32","components":3,