{"model":{"version":3,"nodes":[{"name":"RootNode","position":[0,0,0],"rotation":[0,0,0],"scale":[0.01,0.01,0.01],"scaleCompensation":false},{"name":"Grass","position":[0,0,2.82384],"rotation":[-90,-0,0],"scale":[1,1,1],"scaleCompensation":false}],"parents":[-1,0],"skins":[],"morphs":[],"vertices":[{"position":{"type":"float32","components":3,"data":[3.585,1.62031,-3.32099e-08,-4.30791,0.921817,-8.74393e-08,1.099,0.496715,28.6039,-4.30791,0.921817,-8.74393e-08,0.722905,-2.54213,1.20649e-07,1.099,0.496715,28.6039,10.0816,8.90771,-0.269822,3.19457,11.1368,0.134911,9.65406,8.90771,16.3328,3.19457,11.1368,0.134911,3.19457,6.67864,0.134911,9.65406,8.90771,16.3328,-3.72824,7.16362,0.183654,-8.83067,6.23436,-0.267814,-10.0192,6.26529,19.2475,-8.83067,6.23436,-0.267814,-4.85271,4.20651,0.0841592,-10.0192,6.26529,19.2475]},"normal":{"type":"float32","components":3,"data":[0.862398,0.497335,0.094488,-0.954705,0.233888,0.183941,0.0378223,0.0173542,0.999134,-0.954705,0.233888,0.183941,0.16751,-0.980582,0.101973,0.0378223,0.0173542,0.999134,0.999669,1.29652e-07,0.0257435,-0.598478,0.726075,0.338584,0.241039,2.86612e-07,0.970515,-0.598478,0.726075,0.338584,-0.598478,-0.726075,0.338584,0.241039,2.86612e-07,0.970515,0.762537,0.583627,0.279135,-0.988106,0.141411,-0.0604028,-0.212484,0.0201135,0.976958,-0.988106,0.141411,-0.0604028,0.386993,-0.899905,0.201015,-0.212484,0.0201135,0.976958]},"texCoord0":{"type":"float32","components":2,"data":[0.75,0,1.08333,0,0.75,1,0.0833334,0,0.416667,0,0.0833334,1,0.75,0,1.08333,0,0.75,1,0.0833334,0,0.416667,0,0.0833334,1,0.75,0,1.08333,0,0.75,1,0.0833334,0,0.416667,0,0.0833334,1]}}],"meshes":[{"aabb":{"min":[-10.0192,-2.54213,-0.269822],"max":[10.0816,11.1368,28.6039]},"vertices":0,"indices":[0,1,2,3,4,5,4,0,2,6,7,8,9,10,11,10,6,8,12,13,14,15,16,17,16,12,14],"type":"triangles","base":0,"count":27}],"meshInstances":[{"node":1,"mesh":0}]}}