{"model":{"version":3,"nodes":[{"name":"RootNode","position":[0,0,0],"rotation":[0,0,0],"scale":[0.01,0.01,0.01],"scaleCompensation":false},{"name":"light_root","position":[0,0,0],"rotation":[0,0,0],"scale":[1,1,1],"scaleCompensation":false},{"name":"light","position":[0,0,0],"rotation":[0,0,0],"scale":[1,1,1],"scaleCompensation":false}],"parents":[-1,0,1],"skins":[],"morphs":[],"vertices":[{"position":{"type":"float32","components":3,"data":[0.742059,-1.69963,0,0.192938,0.00093,-0.079918,0.208834,0.00093,0,0.192938,0.00093,-0.079918,0.742059,-1.69963,0,0.685573,-1.69963,-0.283974,0.685573,-1.69963,-0.283974,0.147668,0.00093,-0.147668,0.192938,0.00093,-0.079918,0.147668,0.00093,-0.147668,0.685573,-1.69963,-0.283974,0.524715,-1.69963,-0.524715,0.147668,0.00093,-0.147668,0.524715,-1.69963,-0.524715,0.283974,-1.69963,-0.685573,0.283974,-1.69963,-0.685573,0.079918,0.00093,-0.192938,0.147668,0.00093,-0.147668,0.079918,0.00093,-0.192938,0.283974,-1.69963,-0.685573,0,-1.69963,-0.742059,0,-1.69963,-0.742059,0,0.00093,-0.208835,0.079918,0.00093,-0.192938,0,-1.69963,-0.742059,-0.079918,0.00093,-0.192938,0,0.00093,-0.208835,-0.079918,0.00093,-0.192938,0,-1.69963,-0.742059,-0.283974,-1.69963,-0.685573,-0.283974,-1.69963,-0.685573,-0.147668,0.00093,-0.147668,-0.079918,0.00093,-0.192938,-0.147668,0.00093,-0.147668,-0.283974,-1.69963,-0.685573,-0.524715,-1.69963,-0.524715,-0.147668,0.00093,-0.147668,-0.524715,-1.69963,-0.524715,-0.685573,-1.69963,-0.283974,-0.685573,-1.69963,-0.283974,-0.192938,0.00093,-0.079918,-0.147668,0.00093,-0.147668,-0.192938,0.00093,-0.079918,-0.742059,-1.69963,0,-0.208835,0.00093,0,-0.742059,-1.69963,0,-0.192938,0.00093,-0.079918,-0.685573,-1.69963,-0.283974,-0.192938,0.00093,0.079917,-0.742059,-1.69963,0,-0.685573,-1.69963,0.283973,-0.742059,-1.69963,0,-0.192938,0.00093,0.079917,-0.208835,0.00093,0,-0.147668,0.00093,0.147668,-0.685573,-1.69963,0.283973,-0.524715,-1.69963,0.524714,-0.685573,-1.69963,0.283973,-0.147668,0.00093,0.147668,-0.192938,0.00093,0.079917,-0.147668,0.00093,0.147668,-0.283974,-1.69963,0.685573,-0.079918,0.00093,0.192938,-0.283974,-1.69963,0.685573,-0.147668,0.00093,0.147668,-0.524715,-1.69963,0.524714,-0.079918,0.00093,0.192938,0,-1.69963,0.742059,0,0.00093,0.208835,0,-1.69963,0.742059,-0.079918,0.00093,0.192938,-0.283974,-1.69963,0.685573,0,-1.69963,0.742059,0.079918,0.00093,0.192938,0,0.00093,0.208835,0.079918,0.00093,0.192938,0,-1.69963,0.742059,0.283974,-1.69963,0.685573,0.283974,-1.69963,0.685573,0.147668,0.00093,0.147668,0.079918,0.00093,0.192938,0.147668,0.00093,0.147668,0.283974,-1.69963,0.685573,0.524715,-1.69963,0.524714,0.147668,0.00093,0.147668,0.524715,-1.69963,0.524714,0.685573,-1.69963,0.283973,0.147668,0.00093,0.147668,0.685573,-1.69963,0.283973,0.192938,0.00093,0.079917,0.192938,0.00093,0.079917,0.685573,-1.69963,0.283973,0.742059,-1.69963,0,0.192938,0.00093,0.079917,0.742059,-1.69963,0,0.208834,0.00093,0]},"normal":{"type":"float32","components":3,"data":[0.937457,0.293947,-0.186464,0.937457,0.293947,-0.186464,0.937457,0.293947,-0.186464,0.937456,0.293946,-0.186472,0.937456,0.293946,-0.186472,0.937456,0.293946,-0.186472,0.794732,0.293946,-0.531034,0.794732,0.293946,-0.531034,0.794732,0.293946,-0.531034,0.794737,0.293947,-0.531026,0.794737,0.293947,-0.531026,0.794737,0.293947,-0.531026,0.531026,0.293947,-0.794737,0.531026,0.293947,-0.794737,0.531026,0.293947,-0.794737,0.531034,0.293946,-0.794732,0.531034,0.293946,-0.794732,0.531034,0.293946,-0.794732,0.186472,0.293946,-0.937456,0.186472,0.293946,-0.937456,0.186472,0.293946,-0.937456,0.186475,0.293946,-0.937455,0.186475,0.293946,-0.937455,0.186475,0.293946,-0.937455,-0.186475,0.293946,-0.937455,-0.186475,0.293946,-0.937455,-0.186475,0.293946,-0.937455,-0.186472,0.293946,-0.937456,-0.186472,0.293946,-0.937456,-0.186472,0.293946,-0.937456,-0.531034,0.293946,-0.794732,-0.531034,0.293946,-0.794732,-0.531034,0.293946,-0.794732,-0.531026,0.293947,-0.794737,-0.531026,0.293947,-0.794737,-0.531026,0.293947,-0.794737,-0.794737,0.293947,-0.531026,-0.794737,0.293947,-0.531026,-0.794737,0.293947,-0.531026,-0.794732,0.293946,-0.531034,-0.794732,0.293946,-0.531034,-0.794732,0.293946,-0.531034,-0.937455,0.293946,-0.186475,-0.937455,0.293946,-0.186475,-0.937455,0.293946,-0.186475,-0.937456,0.293946,-0.186472,-0.937456,0.293946,-0.186472,-0.937456,0.293946,-0.186472,-0.937456,0.293946,0.186472,-0.937456,0.293946,0.186472,-0.937456,0.293946,0.186472,-0.937455,0.293946,0.186477,-0.937455,0.293946,0.186477,-0.937455,0.293946,0.186477,-0.794737,0.293946,0.531026,-0.794737,0.293946,0.531026,-0.794737,0.293946,0.531026,-0.794736,0.293946,0.531028,-0.794736,0.293946,0.531028,-0.794736,0.293946,0.531028,-0.531034,0.293946,0.794732,-0.531034,0.293946,0.794732,-0.531034,0.293946,0.794732,-0.531029,0.293946,0.794735,-0.531029,0.293946,0.794735,-0.531029,0.293946,0.794735,-0.186475,0.293946,0.937455,-0.186475,0.293946,0.937455,-0.186475,0.293946,0.937455,-0.186472,0.293946,0.937456,-0.186472,0.293946,0.937456,-0.186472,0.293946,0.937456,0.186475,0.293946,0.937455,0.186475,0.293946,0.937455,0.186475,0.293946,0.937455,0.186472,0.293946,0.937456,0.186472,0.293946,0.937456,0.186472,0.293946,0.937456,0.531034,0.293946,0.794732,0.531034,0.293946,0.794732,0.531034,0.293946,0.794732,0.531029,0.293946,0.794735,0.531029,0.293946,0.794735,0.531029,0.293946,0.794735,0.794737,0.293946,0.531026,0.794737,0.293946,0.531026,0.794737,0.293946,0.531026,0.794736,0.293946,0.531028,0.794736,0.293946,0.531028,0.794736,0.293946,0.531028,0.937456,0.293946,0.186472,0.937456,0.293946,0.186472,0.937456,0.293946,0.186472,0.937457,0.293947,0.186466,0.937457,0.293947,0.186466,0.937457,0.293947,0.186466]},"texCoord0":{"type":"float32","components":2,"data":[0.75,0,0.811685,0.996849,0.749348,0.996849,0.811685,0.996849,0.75,0,0.8125,0,0.8125,0,0.874022,0.996849,0.811685,0.996849,0.874022,0.996849,0.8125,0,0.875,0,0.874022,0.996849,0.875,0,0.9375,0,0.9375,0,0.936358,0.996849,0.874022,0.996849,0.936358,0.996849,0.9375,0,1,0,1,0,0.998695,0.996849,0.936358,0.996849,0,0,0.063642,0.996849,0.001305,0.996849,0.063642,0.996849,0,0,0.0625,0,0.0625,0,0.125978,0.996849,0.063642,0.996849,0.125978,0.996849,0.0625,0,0.125,0,0.125978,0.996849,0.125,0,0.1875,0,0.1875,0,0.188315,0.996849,0.125978,0.996849,0.188315,0.996849,0.25,0,0.250652,0.996849,0.25,0,0.188315,0.996849,0.1875,0,0.312989,0.996849,0.25,0,0.3125,0,0.25,0,0.312989,0.996849,0.250652,0.996849,0.375326,0.996849,0.3125,0,0.375,0,0.3125,0,0.375326,0.996849,0.312989,0.996849,0.375326,0.996849,0.4375,0,0.437663,0.996849,0.4375,0,0.375326,0.996849,0.375,0,0.437663,0.996849,0.5,0,0.5,0.996849,0.5,0,0.437663,0.996849,0.4375,0,0.5,0,0.562337,0.996849,0.5,0.996849,0.562337,0.996849,0.5,0,0.5625,0,0.5625,0,0.624674,0.996849,0.562337,0.996849,0.624674,0.996849,0.5625,0,0.625,0,0.624674,0.996849,0.625,0,0.6875,0,0.624674,0.996849,0.6875,0,0.687011,0.996849,0.687011,0.996849,0.6875,0,0.75,0,0.687011,0.996849,0.75,0,0.749348,0.996849]}}],"meshes":[{"aabb":{"min":[-0.742059,-1.69963,-0.742059],"max":[0.742059,0.00093,0.742059]},"vertices":0,"indices":[0,1,2,3,4,5,6,7,8,9,10,11,12,13,14,15,16,17,18,19,20,21,22,23,24,25,26,27,28,29,30,31,32,33,34,35,36,37,38,39,40,41,42,43,44,45,46,47,48,49,50,51,52,53,54,55,56,57,58,59,60,61,62,63,64,65,66,67,68,69,70,71,72,73,74,75,76,77,78,79,80,81,82,83,84,85,86,87,88,89,90,91,92,93,94,95],"type":"triangles","base":0,"count":96}],"meshInstances":[{"node":2,"mesh":0}]}}